student_name,father_name,student_id,email,phone_no,address,city
James,Butt,1,jbutt@gmail.com,504-621-8927,6649 N Blue Gum St,New Orleans
Josephine,Darakjy,2,josephine_darakjy@darakjy.org,810-292-9388,4 B Blue Ridge Blvd,Brighton
Art,Venere,3,art@venere.org,856-636-8749,8 W Cerritos Ave #54,Bridgeport
Lenna,Paprocki,4,lpaprocki@hotmail.com,907-385-4412,639 Main St,Anchorage
Donette,Foller,5,donette.foller@cox.net,513-570-1893,34 Center St,Hamilton
Simona,Morasca,6,simona@morasca.com,419-503-2484,3 Mcauley Dr,Ashland
Mitsue,Tollner,7,mitsue_tollner@yahoo.com,773-573-6914,7 Eads St,Chicago
Leota,Dilliard,8,leota@hotmail.com,408-752-3500,7 W Jackson Blvd,San Jose
Sage,Wieser,9,sage_wieser@cox.net,605-414-2147,5 Boston Ave #88,Sioux Falls
Kris,Marrier,10,kris@gmail.com,410-655-8723,228 Runamuck Pl #2808,Baltimore
Minna,Amigon,11,minna_amigon@yahoo.com,215-874-1229,2371 Jerrold Ave,Kulpsville
Abel,Maclead,12,amaclead@gmail.com,631-335-3414,37275 St  Rt 17m M,Middle Island
Kiley,Caldarera,13,kiley.caldarera@aol.com,310-498-5651,25 E 75th St #69,Los Angeles
Graciela,Ruta,14,gruta@cox.net,440-780-8425,98 Connecticut Ave Nw,Chagrin Falls
Cammy,Albares,15,calbares@gmail.com,956-537-6195,56 E Morehead St,Laredo
Mattie,Poquette,16,mattie@aol.com,602-277-4385,73 State Road 434 E,Phoenix
Meaghan,Garufi,17,meaghan@hotmail.com,931-313-9635,69734 E Carrillo St,Mc Minnville
Gladys,Rim,18,gladys.rim@rim.org,414-661-9598,322 New Horizon Blvd,Milwaukee
Yuki,Whobrey,19,yuki_whobrey@aol.com,313-288-7937,1 State Route 27,Taylor
Fletcher,Flosi,20,fletcher.flosi@yahoo.com,815-828-2147,394 Manchester Blvd,Rockford
Bette,Nicka,21,bette_nicka@cox.net,610-545-3615,6 S 33rd St,Aston
Veronika,Inouye,22,vinouye@aol.com,408-540-1785,6 Greenleaf Ave,San Jose
Willard,Kolmetz,23,willard@hotmail.com,972-303-9197,618 W Yakima Ave,Irving
Maryann,Royster,24,mroyster@royster.com,518-966-7987,74 S Westgate St,Albany
Alisha,Slusarski,25,alisha@slusarski.com,732-658-3154,3273 State St,Middlesex
Allene,Iturbide,26,allene_iturbide@cox.net,715-662-6764,1 Central Ave,Stevens Point
Chanel,Caudy,27,chanel.caudy@caudy.org,913-388-2079,86 Nw 66th St #8673,Shawnee
Ezekiel,Chui,28,ezekiel@chui.com,410-669-1642,2 Cedar Ave #84,Easton
Willow,Kusko,29,wkusko@yahoo.com,212-582-4976,90991 Thorburn Ave,New York
Bernardo,Figeroa,30,bfigeroa@aol.com,936-336-3951,386 9th Ave N,Conroe
Ammie,Corrio,31,ammie@corrio.com,614-801-9788,74874 Atlantic Ave,Columbus
Francine,Vocelka,32,francine_vocelka@vocelka.com,505-977-3911,366 South Dr,Las Cruces
Ernie,Stenseth,33,ernie_stenseth@aol.com,201-709-6245,45 E Liberty St,Ridgefield Park
Albina,Glick,34,albina@glick.com,732-924-7882,4 Ralph Ct,Dunellen
Alishia,Sergi,35,asergi@gmail.com,212-860-1579,2742 Distribution Way,New York
Solange,Shinko,36,solange@shinko.com,504-979-9175,426 Wolf St,Metairie
Jose,Stockham,37,jose@yahoo.com,212-675-8570,128 Bransten Rd,New York
Rozella,Ostrosky,38,rozella.ostrosky@ostrosky.com,805-832-6163,17 Morena Blvd,Camarillo
Valentine,Gillian,39,valentine_gillian@gmail.com,210-812-9597,775 W 17th St,San Antonio
Kati,Rulapaugh,40,kati.rulapaugh@hotmail.com,785-463-7829,6980 Dorsett Rd,Abilene
Youlanda,Schemmer,41,youlanda@aol.com,541-548-8197,2881 Lewis Rd,Prineville
Dyan,Oldroyd,42,doldroyd@aol.com,913-413-4604,7219 Woodfield Rd,Overland Park
Roxane,Campain,43,roxane@hotmail.com,907-231-4722,1048 Main St,Fairbanks
Lavera,Perin,44,lperin@perin.org,305-606-7291,678 3rd Ave,Miami
Erick,Ferencz,45,erick.ferencz@aol.com,907-741-1044,20 S Babcock St,Fairbanks
Fatima,Saylors,46,fsaylors@saylors.org,952-768-2416,2 Lighthouse Ave,Hopkins
Jina,Briddick,47,jina_briddick@briddick.com,617-399-5124,38938 Park Blvd,Boston
Kanisha,Waycott,48,kanisha_waycott@yahoo.com,323-453-2780,5 Tomahawk Dr,Los Angeles
Emerson,Bowley,49,emerson.bowley@bowley.org,608-336-7444,762 S Main St,Madison
Blair,Malet,50,bmalet@yahoo.com,215-907-9111,209 Decker Dr,Philadelphia
Brock,Bolognia,51,bbolognia@yahoo.com,212-402-9216,4486 W O St #1,New York
Lorrie,Nestle,52,lnestle@hotmail.com,931-875-6644,39 S 7th St,Tullahoma
Sabra,Uyetake,53,sabra@uyetake.org,803-925-5213,98839 Hawthorne Blvd #6101,Columbia
Marjory,Mastella,54,mmastella@mastella.com,610-814-5533,71 San Mateo Ave,Wayne
Karl,Klonowski,55,karl_klonowski@yahoo.com,908-877-6135,76 Brooks St #9,Flemington
Tonette,Wenner,56,twenner@aol.com,516-968-6051,4545 Courthouse Rd,Westbury
Amber,Monarrez,57,amber_monarrez@monarrez.org,215-934-8655,14288 Foster Ave #4121,Jenkintown
Shenika,Seewald,58,shenika@gmail.com,818-423-4007,4 Otis St,Van Nuys
Delmy,Ahle,59,delmy.ahle@hotmail.com,401-458-2547,65895 S 16th St,Providence
Deeanna,Juhas,60,deeanna_juhas@gmail.com,215-211-9589,14302 Pennsylvania Ave,Huntingdon Valley
Blondell,Pugh,61,bpugh@aol.com,401-960-8259,201 Hawk Ct,Providence
Jamal,Vanausdal,62,jamal@vanausdal.org,732-234-1546,53075 Sw 152nd Ter #615,Monroe Township
Cecily,Hollack,63,cecily@hollack.org,512-486-3817,59 N Groesbeck Hwy,Austin
Carmelina,Lindall,64,carmelina_lindall@lindall.com,303-724-7371,2664 Lewis Rd,Littleton
Maurine,Yglesias,65,maurine_yglesias@yglesias.com,414-748-1374,59 Shady Ln #53,Milwaukee
Tawna,Buvens,66,tawna@gmail.com,212-674-9610,3305 Nabell Ave #679,New York
Penney,Weight,67,penney_weight@aol.com,907-797-9628,18 Fountain St,Anchorage
Elly,Morocco,68,elly_morocco@gmail.com,814-393-5571,7 W 32nd St,Erie
Ilene,Eroman,69,ilene.eroman@hotmail.com,410-914-9018,2853 S Central Expy,Glen Burnie
Vallie,Mondella,70,vmondella@mondella.com,208-862-5339,74 W College St,Boise
Kallie,Blackwood,71,kallie.blackwood@gmail.com,415-315-2761,701 S Harrison Rd,San Francisco
Johnetta,Abdallah,72,johnetta_abdallah@aol.com,919-225-9345,1088 Pinehurst St,Chapel Hill
Bobbye,Rhym,73,brhym@rhym.com,650-528-5783,30 W 80th St #1995,San Carlos
Micaela,Rhymes,74,micaela_rhymes@gmail.com,925-647-3298,20932 Hedley St,Concord
Tamar,Hoogland,75,tamar@hotmail.com,740-343-8575,2737 Pistorio Rd #9230,London
Moon,Parlato,76,moon@yahoo.com,585-866-8313,74989 Brandon St,Wellsville
Laurel,Reitler,77,laurel_reitler@reitler.com,410-520-4832,6 Kains Ave,Baltimore
Delisa,Crupi,78,delisa.crupi@crupi.com,973-354-2040,47565 W Grand Ave,Newark
Viva,Toelkes,79,viva.toelkes@gmail.com,773-446-5569,4284 Dorigo Ln,Chicago
Elza,Lipke,80,elza@yahoo.com,973-927-3447,6794 Lake Dr E,Newark
Devorah,Chickering,81,devorah@hotmail.com,505-975-8559,31 Douglas Blvd #950,Clovis
Timothy,Mulqueen,82,timothy_mulqueen@mulqueen.org,718-332-6527,44 W 4th St,Staten Island
Arlette,Honeywell,83,ahoneywell@honeywell.com,904-775-4480,11279 Loytan St,Jacksonville
Dominque,Dickerson,84,dominque.dickerson@dickerson.org,510-993-3758,69 Marquette Ave,Hayward
Lettie,Isenhower,85,lettie_isenhower@yahoo.com,216-657-7668,70 W Main St,Beachwood
Myra,Munns,86,mmunns@cox.net,817-914-7518,461 Prospect Pl #316,Euless
Stephaine,Barfield,87,stephaine@barfield.com,310-774-7643,47154 Whipple Ave Nw,Gardena
Lai,Gato,88,lai.gato@gato.org,847-728-7286,37 Alabama Ave,Evanston
Stephen,Emigh,89,stephen_emigh@hotmail.com,330-537-5358,3777 E Richmond St #900,Akron
Tyra,Shields,90,tshields@gmail.com,215-255-1641,3 Fort Worth Ave,Philadelphia
Tammara,Wardrip,91,twardrip@cox.net,650-803-1936,4800 Black Horse Pike,Burlingame
Cory,Gibes,92,cory.gibes@gmail.com,626-572-1096,83649 W Belmont Ave,San Gabriel
Danica,Bruschke,93,danica_bruschke@gmail.com,254-782-8569,840 15th Ave,Waco
Wilda,Giguere,94,wilda@cox.net,907-870-5536,1747 Calle Amanecer #2,Anchorage
Elvera,Benimadho,95,elvera.benimadho@cox.net,408-703-8505,99385 Charity St #840,San Jose
Carma,Vanheusen,96,carma@cox.net,510-503-7169,68556 Central Hwy,San Leandro
Malinda,Hochard,97,malinda.hochard@yahoo.com,317-722-5066,55 Riverside Ave,Indianapolis
Natalie,Fern,98,natalie.fern@hotmail.com,307-704-8713,7140 University Ave,Rock Springs
Lisha,Centini,99,lisha@centini.org,703-235-3937,64 5th Ave #1153,Mc Lean
Arlene,Klusman,100,arlene_klusman@gmail.com,504-710-5840,3 Secor Rd,New Orleans
Alease,Buemi,101,alease@buemi.com,303-301-4946,4 Webbs Chapel Rd,Boulder
Louisa,Cronauer,102,louisa@cronauer.com,510-828-7047,524 Louisiana Ave Nw,San Leandro
Angella,Cetta,103,angella.cetta@hotmail.com,808-892-7943,185 Blackstone Bldge,Honolulu
Cyndy,Goldammer,104,cgoldammer@cox.net,952-334-9408,170 Wyoming Ave,Burnsville
Rosio,Cork,105,rosio.cork@gmail.com,336-243-5659,4 10th St W,High Point
Celeste,Korando,106,ckorando@hotmail.com,516-509-2347,7 W Pinhook Rd,Lynbrook
Twana,Felger,107,twana.felger@felger.org,503-939-3153,1 Commerce Way,Portland
Estrella,Samu,108,estrella@aol.com,608-976-7199,64 Lakeview Ave,Beloit
Donte,Kines,109,dkines@hotmail.com,508-429-8576,3 Aspen St,Worcester
Tiffiny,Steffensmeier,110,tiffiny_steffensmeier@cox.net,305-385-9695,32860 Sierra Rd,Miami
Edna,Miceli,111,emiceli@miceli.org,814-460-2655,555 Main St,Erie
Sue,Kownacki,112,sue@aol.com,972-666-3413,2 Se 3rd Ave,Mesquite
Jesusa,Shin,113,jshin@shin.com,931-273-8709,2239 Shawnee Mission Pky,Tullahoma
Rolland,Francescon,114,rolland@cox.net,973-649-2922,2726 Charcot Ave,Paterson
Pamella,Schmierer,115,pamella.schmierer@schmierer.org,305-420-8970,5161 Dorsett Rd,Homestead
Glory,Kulzer,116,gkulzer@kulzer.org,410-224-9462,55892 Jacksonville Rd,Owings Mills
Shawna,Palaspas,117,shawna_palaspas@palaspas.org,805-275-3566,5 N Cleveland Massillon Rd,Thousand Oaks
Brandon,Callaro,118,brandon_callaro@hotmail.com,808-215-6832,7 Benton Dr,Honolulu
Scarlet,Cartan,119,scarlet.cartan@yahoo.com,229-735-3378,9390 S Howell Ave,Albany
Oretha,Menter,120,oretha_menter@yahoo.com,617-418-5043,8 County Center Dr #647,Boston
Ty,Smith,121,tsmith@aol.com,201-672-1553,4646 Kaahumanu St,Hackensack
Xuan,Rochin,122,xuan@gmail.com,650-933-5072,2 Monroe St,San Mateo
Lindsey,Dilello,123,lindsey.dilello@hotmail.com,909-639-9887,52777 Leaders Heights Rd,Ontario
Devora,Perez,124,devora_perez@perez.org,510-955-3016,72868 Blackington Ave,Oakland
Herman,Demesa,125,hdemesa@cox.net,518-497-2940,9 Norristown Rd,Troy
Rory,Papasergi,126,rpapasergi@cox.net,570-867-7489,83 County Road 437 #8581,Clarks Summit
Talia,Riopelle,127,talia_riopelle@aol.com,973-245-2133,1 N Harlem Ave #9,Orange
Van,Shire,128,van.shire@shire.com,908-409-2890,90131 J St,Pittstown
Lucina,Lary,129,lucina_lary@cox.net,321-749-4981,8597 W National Ave,Cocoa
Bok,Isaacs,130,bok.isaacs@aol.com,718-809-3762,6 Gilson St,Bronx
Rolande,Spickerman,131,rolande.spickerman@spickerman.com,808-315-3077,65 W Maple Ave,Pearl City
Howard,Paulas,132,hpaulas@gmail.com,303-623-4241,866 34th Ave,Denver
Kimbery,Madarang,133,kimbery_madarang@cox.net,973-310-1634,798 Lund Farm Way,Rockaway
Thurman,Manno,134,thurman.manno@yahoo.com,609-524-3586,9387 Charcot Ave,Absecon
Becky,Mirafuentes,135,becky.mirafuentes@mirafuentes.com,908-877-8409,30553 Washington Rd,Plainfield
Beatriz,Corrington,136,beatriz@yahoo.com,508-584-4279,481 W Lemon St,Middleboro
Marti,Maybury,137,marti.maybury@yahoo.com,773-775-4522,4 Warehouse Point Rd #7,Chicago
Nieves,Gotter,138,nieves_gotter@gmail.com,503-527-5274,4940 Pulaski Park Dr,Portland
Leatha,Hagele,139,lhagele@cox.net,214-339-1809,627 Walford Ave,Dallas
Valentin,Klimek,140,vklimek@klimek.org,312-303-5453,137 Pioneer Way,Chicago
Melissa,Wiklund,141,melissa@cox.net,419-939-3613,61 13 Stoneridge #835,Findlay
Sheridan,Zane,142,sheridan.zane@zane.com,951-645-3605,2409 Alabama Rd,Riverside
Bulah,Padilla,143,bulah_padilla@hotmail.com,254-463-4368,8927 Vandever Ave,Waco
Audra,Kohnert,144,audra@kohnert.com,615-406-7854,134 Lewis Rd,Nashville
Daren,Weirather,145,dweirather@aol.com,414-959-2540,9 N College Ave #3,Milwaukee
Fernanda,Jillson,146,fjillson@aol.com,410-387-5260,60480 Old Us Highway 51,Preston
Gearldine,Gellinger,147,gearldine_gellinger@gellinger.com,972-934-6914,4 Bloomfield Ave,Irving
Chau,Kitzman,148,chau@gmail.com,310-560-8022,429 Tiger Ln,Beverly Hills
Theola,Frey,149,theola_frey@frey.com,516-948-5768,54169 N Main St,Massapequa
Cheryl,Haroldson,150,cheryl@haroldson.org,609-518-7697,92 Main St,Atlantic City
Laticia,Merced,151,lmerced@gmail.com,513-508-7371,72 Mannix Dr,Cincinnati
Carissa,Batman,152,carissa.batman@yahoo.com,541-326-4074,12270 Caton Center Dr,Eugene
Lezlie,Craghead,153,lezlie.craghead@craghead.org,919-533-3762,749 W 18th St #45,Smithfield
Ozell,Shealy,154,oshealy@hotmail.com,212-332-8435,8 Industry Ln,New York
Arminda,Parvis,155,arminda@parvis.com,602-906-9419,1 Huntwood Ave,Phoenix
Reita,Leto,156,reita.leto@gmail.com,317-234-1135,55262 N French Rd,Indianapolis
Yolando,Luczki,157,yolando@cox.net,315-304-4759,422 E 21st St,Syracuse
Lizette,Stem,158,lizette.stem@aol.com,856-487-5412,501 N 19th Ave,Cherry Hill
Gregoria,Pawlowicz,159,gpawlowicz@yahoo.com,516-212-1915,455 N Main Ave,Garden City
Carin,Deleo,160,cdeleo@deleo.com,501-308-1040,1844 Southern Blvd,Little Rock
Chantell,Maynerich,161,chantell@yahoo.com,651-591-2583,2023 Greg St,Saint Paul
Dierdre,Yum,162,dyum@yahoo.com,215-325-3042,63381 Jenks Ave,Philadelphia
Larae,Gudroe,163,larae_gudroe@gmail.com,985-890-7262,6651 Municipal Rd,Houma
Latrice,Tolfree,164,latrice.tolfree@hotmail.com,631-957-7624,81 Norris Ave #525,Ronkonkoma
Kerry,Theodorov,165,kerry.theodorov@gmail.com,916-591-3277,6916 W Main St,Sacramento
Dorthy,Hidvegi,166,dhidvegi@yahoo.com,208-649-2373,9635 S Main St,Boise
Fannie,Lungren,167,fannie.lungren@yahoo.com,512-587-5746,17 Us Highway 111,Round Rock
Evangelina,Radde,168,evangelina@aol.com,215-964-3284,992 Civic Center Dr,Philadelphia
Novella,Degroot,169,novella_degroot@degroot.org,808-477-4775,303 N Radcliffe St,Hilo
Clay,Hoa,170,choa@hoa.org,775-501-8109,73 Saint Ann St #86,Reno
Jennifer,Fallick,171,jfallick@yahoo.com,847-979-9545,44 58th St,Wheeling
Irma,Wolfgramm,172,irma.wolfgramm@hotmail.com,973-545-7355,9745 W Main St,Randolph
Eun,Coody,173,eun@yahoo.com,864-256-3620,84 Bloomfield Ave,Spartanburg
Sylvia,Cousey,174,sylvia_cousey@cousey.org,410-209-9545,287 Youngstown Warren Rd,Hampstead
Nana,Wrinkles,175,nana@aol.com,914-855-2115,6 Van Buren St,Mount Vernon
Layla,Springe,176,layla.springe@cox.net,212-260-3151,229 N Forty Driv,New York
Joesph,Degonia,177,joesph_degonia@degonia.org,510-677-9785,2887 Knowlton St #5435,Berkeley
Annabelle,Boord,178,annabelle.boord@cox.net,978-697-6263,523 Marquette Ave,Concord
Stephaine,Vinning,179,stephaine@cox.net,415-767-6596,3717 Hamann Industrial Pky,San Francisco
Nelida,Sawchuk,180,nelida@gmail.com,201-971-1638,3 State Route 35 S,Paramus
Marguerita,Hiatt,181,marguerita.hiatt@gmail.com,925-634-7158,82 N Highway 67,Oakley
Carmela,Cookey,182,ccookey@cookey.org,773-494-4195,9 Murfreesboro Rd,Chicago
Junita,Brideau,183,jbrideau@aol.com,973-943-3423,6 S Broadway St,Cedar Grove
Claribel,Varriano,184,claribel_varriano@cox.net,419-544-4900,6 Harry L Dr #6327,Perrysburg
Benton,Skursky,185,benton.skursky@aol.com,310-579-2907,47939 Porter Ave,Gardena
Hillary,Skulski,186,hillary.skulski@aol.com,352-242-2570,9 Wales Rd Ne #914,Homosassa
Merilyn,Bayless,187,merilyn_bayless@cox.net,408-758-5015,195 13n N,Santa Clara
Teri,Ennaco,188,tennaco@gmail.com,570-889-5187,99 Tank Farm Rd,Hazleton
Merlyn,Lawler,189,merlyn_lawler@hotmail.com,201-588-7810,4671 Alemany Blvd,Jersey City
Georgene,Montezuma,190,gmontezuma@cox.net,925-615-5185,98 University Dr,San Ramon
Jettie,Mconnell,191,jmconnell@hotmail.com,908-802-3564,50 E Wacker Dr,Bridgewater
Lemuel,Latzke,192,lemuel.latzke@gmail.com,631-748-6479,70 Euclid Ave #722,Bohemia
Melodie,Knipp,193,mknipp@gmail.com,805-690-1682,326 E Main St #6496,Thousand Oaks
Candida,Corbley,194,candida_corbley@hotmail.com,908-275-8357,406 Main St,Somerville
Karan,Karpin,195,karan_karpin@gmail.com,503-940-8327,3 Elmwood Dr,Beaverton
Andra,Scheyer,196,andra@gmail.com,503-516-2189,9 Church St,Salem
Felicidad,Poullion,197,fpoullion@poullion.com,856-305-9731,9939 N 14th St,Riverton
Belen,Strassner,198,belen_strassner@aol.com,770-507-8791,5384 Southwyck Blvd,Douglasville
Gracia,Melnyk,199,gracia@melnyk.com,904-235-3633,97 Airport Loop Dr,Jacksonville
Jolanda,Hanafan,200,jhanafan@gmail.com,207-458-9196,37855 Nolan Rd,Bangor
Barrett,Toyama,201,barrett.toyama@toyama.org,817-765-5781,4252 N Washington Ave #9,Kennedale
Helga,Fredicks,202,helga_fredicks@yahoo.com,716-752-4114,42754 S Ash Ave,Buffalo
Ashlyn,Pinilla,203,apinilla@cox.net,305-670-9628,703 Beville Rd,Opa Locka
Fausto,Agramonte,204,fausto_agramonte@yahoo.com,212-313-1783,5 Harrison Rd,New York
Ronny,Caiafa,205,ronny.caiafa@caiafa.org,215-605-7570,73 Southern Blvd,Philadelphia
Marge,Limmel,206,marge@gmail.com,850-430-1663,189 Village Park Rd,Crestview
Norah,Waymire,207,norah.waymire@gmail.com,415-306-7897,6 Middlegate Rd #106,San Francisco
Aliza,Baltimore,208,aliza@aol.com,408-504-3552,1128 Delaware St,San Jose
Mozell,Pelkowski,209,mpelkowski@pelkowski.org,650-947-1215,577 Parade St,South San Francisco
Viola,Bitsuie,210,viola@gmail.com,818-864-4875,70 Mechanic St,Northridge
Franklyn,Emard,211,femard@emard.com,215-558-8189,4379 Highway 116,Philadelphia
Willodean,Konopacki,212,willodean_konopacki@konopacki.org,337-253-8384,55 Hawthorne Blvd,Lafayette
Beckie,Silvestrini,213,beckie.silvestrini@silvestrini.com,313-533-4884,7116 Western Ave,Dearborn
Rebecka,Gesick,214,rgesick@gesick.org,512-213-8574,2026 N Plankinton Ave #3,Austin
Frederica,Blunk,215,frederica_blunk@gmail.com,214-428-2285,99586 Main St,Dallas
Glen,Bartolet,216,glen_bartolet@hotmail.com,206-697-5796,8739 Hudson St,Vashon
Freeman,Gochal,217,freeman_gochal@aol.com,610-476-3501,383 Gunderman Rd #197,Coatesville
Vincent,Meinerding,218,vincent.meinerding@hotmail.com,215-372-1718,4441 Point Term Mkt,Philadelphia
Rima,Bevelacqua,219,rima@cox.net,310-858-5079,2972 Lafayette Ave,Gardena
Glendora,Sarbacher,220,gsarbacher@gmail.com,707-653-8214,2140 Diamond Blvd,Rohnert Park
Avery,Steier,221,avery@cox.net,407-808-9439,93 Redmond Rd #492,Orlando
Cristy,Lother,222,cristy@lother.com,760-971-4322,3989 Portage Tr,Escondido
Nicolette,Brossart,223,nicolette_brossart@brossart.com,508-837-9230,1 Midway Rd,Westborough
Tracey,Modzelewski,224,tracey@hotmail.com,936-264-9294,77132 Coon Rapids Blvd Nw,Conroe
Virgina,Tegarden,225,virgina_tegarden@tegarden.com,414-214-8697,755 Harbor Way,Milwaukee
Tiera,Frankel,226,tfrankel@aol.com,626-636-4117,87 Sierra Rd,El Monte
Alaine,Bergesen,227,alaine_bergesen@cox.net,914-300-9193,7667 S Hulen St #42,Yonkers
Earleen,Mai,228,earleen_mai@cox.net,214-289-1973,75684 S Withlapopka Dr #32,Dallas
Leonida,Gobern,229,leonida@gobern.org,228-235-5615,5 Elmwood Park Blvd,Biloxi
Ressie,Auffrey,230,ressie.auffrey@yahoo.com,305-604-8981,23 Palo Alto Sq,Miami
Justine,Mugnolo,231,jmugnolo@yahoo.com,212-304-9225,38062 E Main St,New York
Eladia,Saulter,232,eladia@saulter.com,201-474-4924,3958 S Dupont Hwy #7,Ramsey
Chaya,Malvin,233,chaya@malvin.com,734-928-5182,560 Civic Center Dr,Ann Arbor
Gwenn,Suffield,234,gwenn_suffield@suffield.org,631-258-6558,3270 Dequindre Rd,Deer Park
Salena,Karpel,235,skarpel@cox.net,330-791-8557,1 Garfield Ave #7,Canton
Yoko,Fishburne,236,yoko@fishburne.com,203-506-4706,9122 Carpenter Ave,New Haven
Taryn,Moyd,237,taryn.moyd@hotmail.com,703-322-4041,48 Lenox St,Fairfax
Katina,Polidori,238,katina_polidori@aol.com,978-626-2978,5 Little River Tpke,Wilmington
Rickie,Plumer,239,rickie.plumer@aol.com,419-693-1334,3 N Groesbeck Hwy,Toledo
Alex,Loader,240,alex@loader.com,253-660-7821,37 N Elm St #916,Tacoma
Lashon,Vizarro,241,lashon@aol.com,916-741-7884,433 Westminster Blvd #590,Roseville
Lauran,Burnard,242,lburnard@burnard.com,307-342-7795,66697 Park Pl #3224,Riverton
Ceola,Setter,243,ceola.setter@setter.org,207-627-7565,96263 Greenwood Pl,Warren
My,Rantanen,244,my@hotmail.com,215-491-5633,8 Mcarthur Ln,Richboro
Lorrine,Worlds,245,lorrine.worlds@worlds.com,813-769-2939,8 Fair Lawn Ave,Tampa
Peggie,Sturiale,246,peggie@cox.net,619-608-1763,9 N 14th St,El Cajon
Marvel,Raymo,247,mraymo@yahoo.com,979-718-8968,9 Vanowen St,College Station
Daron,Dinos,248,daron_dinos@cox.net,847-233-3075,18 Waterloo Geneva Rd,Highland Park
An,Fritz,249,an_fritz@hotmail.com,609-228-5265,506 S Hacienda Dr,Atlantic City
Portia,Stimmel,250,portia.stimmel@aol.com,908-722-7128,3732 Sherman Ave,Bridgewater
Rhea,Aredondo,251,rhea_aredondo@cox.net,718-560-9537,25657 Live Oak St,Brooklyn
Benedict,Sama,252,bsama@cox.net,314-787-1588,4923 Carey Ave,Saint Louis
Alyce,Arias,253,alyce@arias.org,209-317-1801,3196 S Rider Trl,Stockton
Heike,Berganza,254,heike@gmail.com,973-936-5095,3 Railway Ave #75,Little Falls
Carey,Dopico,255,carey_dopico@dopico.org,317-578-2453,87393 E Highland Rd,Indianapolis
Dottie,Hellickson,256,dottie@hellickson.org,206-540-6076,67 E Chestnut Hill Rd,Seattle
Deandrea,Hughey,257,deandrea@yahoo.com,336-822-7652,33 Lewis Rd #46,Burlington
Kimberlie,Duenas,258,kimberlie_duenas@yahoo.com,785-629-8542,8100 Jacksonville Rd #7,Hays
Martina,Staback,259,martina_staback@staback.com,407-471-6908,7 W Wabansia Ave #227,Orlando
Skye,Fillingim,260,skye_fillingim@yahoo.com,612-508-2655,25 Minters Chapel Rd #9,Minneapolis
Jade,Farrar,261,jade.farrar@yahoo.com,803-352-5387,6882 Torresdale Ave,Columbia
Charlene,Hamilton,262,charlene.hamilton@hotmail.com,707-300-1771,985 E 6th Ave,Santa Rosa
Geoffrey,Acey,263,geoffrey@gmail.com,847-222-1734,7 West Ave #1,Palatine
Stevie,Westerbeck,264,stevie.westerbeck@yahoo.com,949-867-4077,26659 N 13th St,Costa Mesa
Pamella,Fortino,265,pamella@fortino.com,303-404-2210,669 Packerland Dr #1438,Denver
Harrison,Haufler,266,hhaufler@hotmail.com,203-801-6193,759 Eldora St,New Haven
Johnna,Engelberg,267,jengelberg@engelberg.org,425-986-7573,5 S Colorado Blvd #449,Bothell
Buddy,Cloney,268,buddy.cloney@yahoo.com,440-989-5826,944 Gaither Dr,Strongsville
Dalene,Riden,269,dalene.riden@aol.com,603-315-6839,66552 Malone Rd,Plaistow
Jerry,Zurcher,270,jzurcher@zurcher.org,321-518-5938,77 Massillon Rd #822,Satellite Beach
Haydee,Denooyer,271,hdenooyer@denooyer.org,212-792-8658,25346 New Rd,New York
Joseph,Cryer,272,joseph_cryer@cox.net,714-584-2237,60 Fillmore Ave,Huntington Beach
Deonna,Kippley,273,deonna_kippley@hotmail.com,248-913-4677,57 Haven Ave #90,Southfield
Raymon,Calvaresi,274,raymon.calvaresi@gmail.com,317-825-4724,6538 E Pomona St #60,Indianapolis
Alecia,Bubash,275,alecia@aol.com,940-276-7922,6535 Joyce St,Wichita Falls
Ma,Layous,276,mlayous@hotmail.com,203-721-3388,78112 Morris Ave,North Haven
Detra,Coyier,277,detra@aol.com,410-739-9277,96950 Hidden Ln,Aberdeen
Terrilyn,Rodeigues,278,terrilyn.rodeigues@cox.net,504-463-4384,3718 S Main St,New Orleans
Salome,Lacovara,279,slacovara@gmail.com,804-550-5097,9677 Commerce Dr,Richmond
Garry,Keetch,280,garry_keetch@hotmail.com,215-979-8776,5 Green Pond Rd #4,Southampton
Matthew,Neither,281,mneither@yahoo.com,952-651-7597,636 Commerce Dr #42,Shakopee
Theodora,Restrepo,282,theodora.restrepo@restrepo.com,305-936-8226,42744 Hamann Industrial Pky #82,Miami
Noah,Kalafatis,283,noah.kalafatis@aol.com,414-263-5287,1950 5th Ave,Milwaukee
Carmen,Sweigard,284,csweigard@sweigard.com,732-941-2621,61304 N French Rd,Somerset
Lavonda,Hengel,285,lavonda@cox.net,701-898-2154,87 Imperial Ct #79,Fargo
Junita,Stoltzman,286,junita@aol.com,775-638-9963,94 W Dodge Rd,Carson City
Herminia,Nicolozakes,287,herminia@nicolozakes.org,602-954-5141,4 58th St #3519,Scottsdale
Casie,Good,288,casie.good@aol.com,615-390-2251,5221 Bear Valley Rd,Nashville
Reena,Maisto,289,reena@hotmail.com,410-351-1863,9648 S Main,Salisbury
Mirta,Mallett,290,mirta_mallett@gmail.com,212-870-1286,7 S San Marcos Rd,New York
Cathrine,Pontoriero,291,cathrine.pontoriero@pontoriero.com,806-703-1435,812 S Haven St,Amarillo
Filiberto,Tawil,292,ftawil@hotmail.com,323-765-2528,3882 W Congress St #799,Los Angeles
Raul,Upthegrove,293,rupthegrove@yahoo.com,619-509-5282,4 E Colonial Dr,La Mesa
Sarah,Candlish,294,sarah.candlish@gmail.com,770-732-1194,45 2nd Ave #9759,Atlanta
Lucy,Treston,295,lucy@cox.net,508-769-5250,57254 Brickell Ave #372,Worcester
Judy,Aquas,296,jaquas@aquas.com,269-756-7222,8977 Connecticut Ave Nw #3,Niles
Yvonne,Tjepkema,297,yvonne.tjepkema@hotmail.com,973-714-1721,9 Waydell St,Fairfield
Kayleigh,Lace,298,kayleigh.lace@yahoo.com,337-740-9323,43 Huey P Long Ave,Lafayette
Felix,Hirpara,299,felix_hirpara@cox.net,717-491-5643,7563 Cornwall Rd #4462,Denver
Tresa,Sweely,300,tresa_sweely@hotmail.com,314-359-9566,22 Bridle Ln,Valley Park
Kristeen,Turinetti,301,kristeen@gmail.com,817-213-8851,70099 E North Ave,Arlington
Jenelle,Regusters,302,jregusters@regusters.com,813-932-8715,3211 E Northeast Loop,Tampa
Renea,Monterrubio,303,renea@hotmail.com,770-679-4752,26 Montgomery St,Atlanta
Olive,Matuszak,304,olive@aol.com,760-938-6069,13252 Lighthouse Ave,Cathedral City
Ligia,Reiber,305,lreiber@cox.net,517-906-1108,206 Main St #2804,Lansing
Christiane,Eschberger,306,christiane.eschberger@yahoo.com,602-390-4944,96541 W Central Blvd,Phoenix
Goldie,Schirpke,307,goldie.schirpke@yahoo.com,207-295-7569,34 Saint George Ave #2,Bangor
Loreta,Timenez,308,loreta.timenez@hotmail.com,301-696-6420,47857 Coney Island Ave,Clinton
Fabiola,Hauenstein,309,fabiola.hauenstein@hauenstein.org,717-809-3119,8573 Lincoln Blvd,York
Amie,Perigo,310,amie.perigo@yahoo.com,972-419-7946,596 Santa Maria Ave #7913,Mesquite
Raina,Brachle,311,raina.brachle@brachle.org,406-318-1515,3829 Ventura Blvd,Butte
Erinn,Canlas,312,erinn.canlas@canlas.com,973-767-3008,13 S Hacienda Dr,Livingston
Cherry,Lietz,313,cherry@lietz.com,248-980-6904,40 9th Ave Sw #91,Waterford
Kattie,Vonasek,314,kattie@vonasek.org,216-923-3715,2845 Boulder Crescent St,Cleveland
Lilli,Scriven,315,lilli@aol.com,325-631-1560,33 State St,Abilene
Whitley,Tomasulo,316,whitley.tomasulo@aol.com,817-526-4408,2 S 15th St,Fort Worth
Barbra,Adkin,317,badkin@hotmail.com,718-201-3751,4 Kohler Memorial Dr,Brooklyn
Hermila,Thyberg,318,hermila_thyberg@hotmail.com,401-893-4882,1 Rancho Del Mar Shopping C,Providence
Jesusita,Flister,319,jesusita.flister@hotmail.com,717-885-9118,3943 N Highland Ave,Lancaster
Caitlin,Julia,320,caitlin.julia@julia.org,401-948-4982,5 Williams St,Johnston
Roosevelt,Hoffis,321,roosevelt.hoffis@aol.com,305-622-4739,60 Old Dover Rd,Hialeah
Helaine,Halter,322,hhalter@yahoo.com,201-832-4168,8 Sheridan Rd,Jersey City
Lorean,Martabano,323,lorean.martabano@hotmail.com,210-856-4979,85092 Southern Blvd,San Antonio
France,Buzick,324,france.buzick@yahoo.com,718-478-8504,64 Newman Springs Rd E,Brooklyn
Justine,Ferrario,325,jferrario@hotmail.com,909-993-3242,48 Stratford Ave,Pomona
Adelina,Nabours,326,adelina_nabours@gmail.com,216-230-4892,80 Pittsford Victor Rd #9,Cleveland
Derick,Dhamer,327,ddhamer@cox.net,212-304-4515,87163 N Main Ave,New York
Jerry,Dallen,328,jerry.dallen@yahoo.com,804-762-9576,393 Lafayette Ave,Richmond
Leota,Ragel,329,leota.ragel@gmail.com,706-221-4243,99 5th Ave #33,Trion
Jutta,Amyot,330,jamyot@hotmail.com,337-515-1438,49 N Mays St,Broussard
Aja,Gehrett,331,aja_gehrett@hotmail.com,973-544-2677,993 Washington Ave,Nutley
Kirk,Herritt,332,kirk.herritt@aol.com,607-407-3716,88 15th Ave Ne,Vestal
Leonora,Mauson,333,leonora@yahoo.com,973-412-2995,3381 E 40th Ave,Passaic
Winfred,Brucato,334,winfred_brucato@hotmail.com,208-252-4552,201 Ridgewood Rd,Moscow
Tarra,Nachor,335,tarra.nachor@cox.net,415-411-1775,39 Moccasin Dr,San Francisco
Corinne,Loder,336,corinne@loder.org,508-942-4186,4 Carroll St,North Attleboro
Dulce,Labreche,337,dulce_labreche@yahoo.com,248-357-8718,9581 E Arapahoe Rd,Rochester
Kate,Keneipp,338,kate_keneipp@yahoo.com,920-353-6377,33 N Michigan Ave,Green Bay
Kaitlyn,Ogg,339,kaitlyn.ogg@gmail.com,410-665-4903,2 S Biscayne Blvd,Baltimore
Sherita,Saras,340,sherita.saras@cox.net,719-669-1664,8 Us Highway 22,Colorado Springs
Lashawnda,Stuer,341,lstuer@cox.net,419-588-8719,7422 Martin Ave #8,Toledo
Ernest,Syrop,342,ernest@cox.net,301-998-9644,94 Chase Rd,Hyattsville
Nobuko,Halsey,343,nobuko.halsey@yahoo.com,508-855-9887,8139 I Hwy 10 #92,New Bedford
Lavonna,Wolny,344,lavonna.wolny@hotmail.com,703-483-1970,5 Cabot Rd,Mc Lean
Lashaunda,Lizama,345,llizama@cox.net,410-678-2473,3387 Ryan Dr,Hanover
Mariann,Bilden,346,mariann.bilden@aol.com,512-223-4791,3125 Packer Ave #9851,Austin
Helene,Rodenberger,347,helene@aol.com,623-461-8551,347 Chestnut St,Peoria
Roselle,Estell,348,roselle.estell@hotmail.com,419-571-5920,8116 Mount Vernon Ave,Bucyrus
Samira,Heintzman,349,sheintzman@hotmail.com,206-311-4137,8772 Old County Rd #5410,Kent
Margart,Meisel,350,margart_meisel@yahoo.com,513-617-2362,868 State St #38,Cincinnati
Kristofer,Bennick,351,kristofer.bennick@yahoo.com,812-368-1511,772 W River Dr,Bloomington
Weldon,Acuff,352,wacuff@gmail.com,847-353-2156,73 W Barstow Ave,Arlington Heights
Shalon,Shadrick,353,shalon@cox.net,718-232-2337,61047 Mayfield Ave,Brooklyn
Denise,Patak,354,denise@patak.org,407-446-4358,2139 Santa Rosa Ave,Orlando
Louvenia,Beech,355,louvenia.beech@beech.com,310-820-2117,598 43rd St,Beverly Hills
Audry,Yaw,356,audry.yaw@yaw.org,813-797-4816,70295 Pioneer Ct,Brandon
Kristel,Ehmann,357,kristel.ehmann@aol.com,915-452-1290,92899 Kalakaua Ave,El Paso
Vincenza,Zepp,358,vzepp@gmail.com,619-603-5125,395 S 6th St #2,El Cajon
Elouise,Gwalthney,359,egwalthney@yahoo.com,301-841-5012,9506 Edgemore Ave,Bladensburg
Venita,Maillard,360,venita_maillard@gmail.com,714-523-6653,72119 S Walker Ave #63,Anaheim
Kasandra,Semidey,361,kasandra_semidey@semidey.com,314-732-9131,369 Latham St #500,Saint Louis
Xochitl,Discipio,362,xdiscipio@gmail.com,512-233-1831,3158 Runamuck Pl,Round Rock
Maile,Linahan,363,mlinahan@yahoo.com,336-670-2640,9 Plainsboro Rd #598,Greensboro
Krissy,Rauser,364,krauser@cox.net,631-443-4710,8728 S Broad St,Coram
Pete,Dubaldi,365,pdubaldi@hotmail.com,201-825-2514,2215 Prosperity Dr,Lyndhurst
Linn,Paa,366,linn_paa@paa.com,901-412-4381,1 S Pine St,Memphis
Paris,Wide,367,paris@hotmail.com,404-505-4445,187 Market St,Atlanta
Wynell,Dorshorst,368,wynell_dorshorst@dorshorst.org,650-473-1262,94290 S Buchanan St,Pacifica
Quentin,Birkner,369,qbirkner@aol.com,952-702-7993,7061 N 2nd St,Burnsville
Regenia,Kannady,370,regenia.kannady@cox.net,480-726-1280,10759 Main St,Scottsdale
Sheron,Louissant,371,sheron@aol.com,718-976-8610,97 E 3rd St #9,Long Island City
Izetta,Funnell,372,izetta.funnell@hotmail.com,770-844-3447,82 Winsor St #54,Atlanta
Rodolfo,Butzen,373,rodolfo@hotmail.com,507-210-3510,41 Steel Ct,Northfield
Zona,Colla,374,zona@hotmail.com,203-461-1949,49440 Dearborn St,Norwalk
Serina,Zagen,375,szagen@aol.com,260-273-3725,7 S Beverly Dr,Fort Wayne
Paz,Sahagun,376,paz_sahagun@cox.net,601-927-8287,919 Wall Blvd,Meridian
Markus,Lukasik,377,markus@yahoo.com,586-970-7380,89 20th St E #779,Sterling Heights
Jaclyn,Bachman,378,jaclyn@aol.com,719-853-3600,721 Interstate 45 S,Colorado Springs
Cyril,Daufeldt,379,cyril_daufeldt@daufeldt.com,212-745-8484,3 Lawton St,New York
Gayla,Schnitzler,380,gschnitzler@gmail.com,510-686-3407,38 Pleasant Hill Rd,Hayward
Erick,Nievas,381,erick_nievas@aol.com,773-704-9903,45 E Acacia Ct,Chicago
Jennie,Drymon,382,jennie@cox.net,570-218-4831,63728 Poway Rd #1,Scranton
Mitsue,Scipione,383,mscipione@scipione.com,530-986-9272,77 222 Dr,Oroville
Ciara,Ventura,384,cventura@yahoo.com,845-823-8877,53 W Carey St,Port Jervis
Galen,Cantres,385,galen@yahoo.com,216-600-6111,617 Nw 36th Ave,Brook Park
Truman,Feichtner,386,tfeichtner@yahoo.com,973-852-2736,539 Coldwater Canyon Ave,Bloomfield
Gail,Kitty,387,gail@kitty.com,907-435-9166,735 Crawford Dr,Anchorage
Dalene,Schoeneck,388,dalene@schoeneck.org,215-268-1275,910 Rahway Ave,Philadelphia
Gertude,Witten,389,gertude.witten@gmail.com,513-977-7043,7 Tarrytown Rd,Cincinnati
Lizbeth,Kohl,390,lizbeth@yahoo.com,310-699-1222,35433 Blake St #588,Gardena
Glenn,Berray,391,gberray@gmail.com,515-370-7348,29 Cherry St #7073,Des Moines
Lashandra,Klang,392,lashandra@yahoo.com,610-809-1818,810 N La Brea Ave,King of Prussia
Lenna,Newville,393,lnewville@newville.com,919-623-2524,987 Main St,Raleigh
Laurel,Pagliuca,394,laurel@yahoo.com,509-695-5199,36 Enterprise St Se,Richland
Mireya,Frerking,395,mireya.frerking@hotmail.com,914-868-5965,8429 Miller Rd,Pelham
Annelle,Tagala,396,annelle@yahoo.com,410-757-1035,5 W 7th St,Parkville
Dean,Ketelsen,397,dean_ketelsen@gmail.com,516-847-4418,2 Flynn Rd,Hicksville
Levi,Munis,398,levi.munis@gmail.com,508-456-4907,2094 Ne 36th Ave,Worcester
Sylvie,Ryser,399,sylvie@aol.com,918-644-9555,649 Tulane Ave,Tulsa
Sharee,Maile,400,sharee_maile@aol.com,231-467-9978,2094 Montour Blvd,Muskegon
Cordelia,Storment,401,cordelia_storment@aol.com,337-566-6001,393 Hammond Dr,Lafayette
Mollie,Mcdoniel,402,mollie_mcdoniel@yahoo.com,419-975-3182,8590 Lake Lizzie Dr,Bowling Green
Brett,Mccullan,403,brett.mccullan@mccullan.com,619-461-9984,87895 Concord Rd,La Mesa
Teddy,Pedrozo,404,teddy_pedrozo@aol.com,203-892-3863,46314 Route 130,Bridgeport
Tasia,Andreason,405,tasia_andreason@yahoo.com,201-920-9002,4 Cowesett Ave,Kearny
Hubert,Walthall,406,hubert@walthall.org,330-903-1345,95 Main Ave #2,Barberton
Arthur,Farrow,407,arthur.farrow@yahoo.com,201-238-5688,28 S 7th St #2824,Englewood
Vilma,Berlanga,408,vberlanga@berlanga.com,616-737-3085,79 S Howell Ave,Grand Rapids
Billye,Miro,409,billye_miro@cox.net,601-567-5386,36 Lancaster Dr Se,Pearl
Glenna,Slayton,410,glenna_slayton@cox.net,901-640-9178,2759 Livingston Ave,Memphis
Mitzie,Hudnall,411,mitzie_hudnall@yahoo.com,303-402-1940,17 Jersey Ave,Englewood
Bernardine,Rodefer,412,bernardine_rodefer@yahoo.com,901-901-4726,2 W Grand Ave,Memphis
Staci,Schmaltz,413,staci_schmaltz@aol.com,626-866-2339,18 Coronado Ave #563,Pasadena
Nichelle,Meteer,414,nichelle_meteer@meteer.com,773-225-9985,72 Beechwood Ter,Chicago
Janine,Rhoden,415,jrhoden@yahoo.com,718-228-5894,92 Broadway,Astoria
Ettie,Hoopengardner,416,ettie.hoopengardner@hotmail.com,509-755-5393,39 Franklin Ave,Richland
Eden,Jayson,417,eden_jayson@yahoo.com,410-890-7866,4 Iwaena St,Baltimore
Lynelle,Auber,418,lynelle_auber@gmail.com,973-860-8610,32820 Corkwood Rd,Newark
Merissa,Tomblin,419,merissa.tomblin@gmail.com,562-579-6900,34 Raritan Center Pky,Bellflower
Golda,Kaniecki,420,golda_kaniecki@yahoo.com,732-628-9909,6201 S Nevada Ave,Toms River
Catarina,Gleich,421,catarina_gleich@hotmail.com,973-210-3994,78 Maryland Dr #146,Denville
Virgie,Kiel,422,vkiel@hotmail.com,303-776-7548,76598 Rd  I 95 #1,Denver
Jolene,Ostolaza,423,jolene@yahoo.com,757-682-7116,1610 14th St Nw,Newport News
Keneth,Borgman,424,keneth@yahoo.com,602-919-4211,86350 Roszel Rd,Phoenix
Rikki,Nayar,425,rikki@nayar.com,305-968-9487,1644 Clove Rd,Miami
Elke,Sengbusch,426,elke_sengbusch@yahoo.com,602-896-2993,9 W Central Ave,Phoenix
Hoa,Sarao,427,hoa@sarao.org,386-526-7800,27846 Lafayette Ave,Oak Hill
Trinidad,Mcrae,428,trinidad_mcrae@yahoo.com,415-331-9634,10276 Brooks St,San Francisco
Mari,Lueckenbach,429,mari_lueckenbach@yahoo.com,858-793-9684,1 Century Park E,San Diego
Selma,Husser,430,selma.husser@cox.net,201-991-8369,9 State Highway 57 #22,Jersey City
Antione,Onofrio,431,aonofrio@onofrio.com,909-430-7765,4 S Washington Ave,San Bernardino
Luisa,Jurney,432,ljurney@hotmail.com,617-365-2134,25 Se 176th Pl,Cambridge
Clorinda,Heimann,433,clorinda.heimann@hotmail.com,760-291-5497,105 Richmond Valley Rd,Escondido
Dick,Wenzinger,434,dick@yahoo.com,310-510-9713,22 Spruce St #595,Gardena
Ahmed,Angalich,435,ahmed.angalich@angalich.com,717-528-8996,2 W Beverly Blvd,Harrisburg
Iluminada,Ohms,436,iluminada.ohms@yahoo.com,480-293-2882,72 Southern Blvd,Mesa
Joanna,Leinenbach,437,joanna_leinenbach@hotmail.com,561-470-4574,1 Washington St,Lake Worth
Caprice,Suell,438,caprice@aol.com,615-246-1824,90177 N 55th Ave,Nashville
Stephane,Myricks,439,stephane_myricks@cox.net,859-717-7638,9 Tower Ave,Burlington
Quentin,Swayze,440,quentin_swayze@yahoo.com,734-561-6170,278 Bayview Ave,Milan
Annmarie,Castros,441,annmarie_castros@gmail.com,936-751-7961,80312 W 32nd St,Conroe
Shonda,Greenbush,442,shonda_greenbush@cox.net,973-482-2430,82 Us Highway 46,Clifton
Cecil,Lapage,443,clapage@lapage.com,201-693-3967,4 Stovall St #72,Union City
Jeanice,Claucherty,444,jeanice.claucherty@yahoo.com,305-988-4162,19 Amboy Ave,Miami
Josphine,Villanueva,445,josphine_villanueva@villanueva.com,931-553-9774,63 Smith Ln #8343,Moss
Daniel,Perruzza,446,dperruzza@perruzza.com,714-771-3880,11360 S Halsted St,Santa Ana
Cassi,Wildfong,447,cassi.wildfong@aol.com,847-633-3216,26849 Jefferson Hwy,Rolling Meadows
Britt,Galam,448,britt@galam.org,215-888-3304,2500 Pringle Rd Se #508,Hatfield
Adell,Lipkin,449,adell.lipkin@lipkin.com,973-654-1561,65 Mountain View Dr,Whippany
Jacqueline,Rowling,450,jacqueline.rowling@yahoo.com,814-865-8113,1 N San Saba,Erie
Lonny,Weglarz,451,lonny_weglarz@gmail.com,801-293-9853,51120 State Route 18,Salt Lake City
Lonna,Diestel,452,lonna_diestel@gmail.com,910-922-3672,1482 College Ave,Fayetteville
Cristal,Samara,453,cristal@cox.net,213-975-8026,4119 Metropolitan Dr,Los Angeles
Kenneth,Grenet,454,kenneth.grenet@grenet.org,517-499-2322,2167 Sierra Rd,East Lansing
Elli,Mclaird,455,emclaird@mclaird.com,315-818-2638,6 Sunrise Ave,Utica
Alline,Jeanty,456,ajeanty@gmail.com,574-656-2800,55713 Lake City Hwy,South Bend
Sharika,Eanes,457,sharika.eanes@aol.com,407-312-1691,75698 N Fiesta Blvd,Orlando
Nu,Mcnease,458,nu@gmail.com,973-751-9003,88 Sw 28th Ter,Harrison
Daniela,Comnick,459,dcomnick@cox.net,609-200-8577,7 Flowers Rd #403,Trenton
Cecilia,Colaizzo,460,cecilia_colaizzo@colaizzo.com,608-382-4541,4 Nw 12th St #3849,Madison
Leslie,Threets,461,leslie@cox.net,914-861-9748,2 A Kelley Dr,Katonah
Nan,Koppinger,462,nan@koppinger.com,336-370-5333,88827 Frankford Ave,Greensboro
Izetta,Dewar,463,idewar@dewar.com,410-473-1708,2 W Scyene Rd #3,Baltimore
Tegan,Arceo,464,tegan.arceo@arceo.org,732-730-2692,62260 Park Stre,Monroe Township
Ruthann,Keener,465,ruthann@hotmail.com,830-258-2769,3424 29th St Se,Kerrville
Joni,Breland,466,joni_breland@cox.net,847-519-5906,35 E Main St #43,Elk Grove Village
Vi,Rentfro,467,vrentfro@cox.net,732-605-4781,7163 W Clark Rd,Freehold
Colette,Kardas,468,colette.kardas@yahoo.com,402-896-5943,21575 S Apple Creek Rd,Omaha
Malcolm,Tromblay,469,malcolm_tromblay@cox.net,703-221-5602,747 Leonis Blvd,Annandale
Ryan,Harnos,470,ryan@cox.net,972-558-1665,13 Gunnison St,Plano
Jess,Chaffins,471,jess.chaffins@chaffins.org,212-510-4633,18 3rd Ave,New York
Sharen,Bourbon,472,sbourbon@yahoo.com,516-816-1541,62 W Austin St,Syosset
Nickolas,Juvera,473,nickolas_juvera@cox.net,352-598-8301,177 S Rider Trl #52,Crystal River
Gary,Nunlee,474,gary_nunlee@nunlee.org,317-542-6023,2 W Mount Royal Ave,Fortville
Diane,Devreese,475,diane@cox.net,816-557-9673,1953 Telegraph Rd,Saint Joseph
Roslyn,Chavous,476,roslyn.chavous@chavous.org,601-234-9632,63517 Dupont St,Jackson
Glory,Schieler,477,glory@yahoo.com,325-869-2649,5 E Truman Rd,Abilene
Rasheeda,Sayaphon,478,rasheeda@aol.com,408-805-4309,251 Park Ave #979,Saratoga
Alpha,Palaia,479,alpha@yahoo.com,856-312-2629,43496 Commercial Dr #29,Cherry Hill
Refugia,Jacobos,480,refugia.jacobos@jacobos.com,510-974-8671,2184 Worth St,Hayward
Shawnda,Yori,481,shawnda.yori@yahoo.com,407-538-5106,50126 N Plankinton Ave,Longwood
Mona,Delasancha,482,mdelasancha@hotmail.com,307-403-1488,38773 Gravois Ave,Cheyenne
Gilma,Liukko,483,gilma_liukko@gmail.com,516-393-9967,16452 Greenwich St,Garden City
Janey,Gabisi,484,jgabisi@hotmail.com,608-967-7194,40 Cambridge Ave,Madison
Lili,Paskin,485,lili.paskin@cox.net,201-431-2989,20113 4th Ave E,Kearny
Loren,Asar,486,loren.asar@aol.com,570-648-3035,6 Ridgewood Center Dr,Old Forge
Dorothy,Chesterfield,487,dorothy@cox.net,858-617-7834,469 Outwater Ln,San Diego
Gail,Similton,488,gail_similton@similton.com,760-616-5388,62 Monroe St,Thousand Palms
Catalina,Tillotson,489,catalina@hotmail.com,609-373-3332,3338 A Lockport Pl #6,Margate City
Lawrence,Lorens,490,lawrence.lorens@hotmail.com,401-465-6432,9 Hwy,Providence
Carlee,Boulter,491,carlee.boulter@hotmail.com,785-347-1805,8284 Hart St,Abilene
Thaddeus,Ankeny,492,tankeny@ankeny.org,916-920-3571,5 Washington St #1,Roseville
Jovita,Oles,493,joles@gmail.com,386-248-4118,8 S Haven St,Daytona Beach
Alesia,Hixenbaugh,494,alesia_hixenbaugh@hixenbaugh.org,202-646-7516,9 Front St,Washington
Lai,Harabedian,495,lai@gmail.com,415-423-3294,1933 Packer Ave #2,Novato
Brittni,Gillaspie,496,bgillaspie@gillaspie.com,208-709-1235,67 Rv Cent,Boise
Raylene,Kampa,497,rkampa@kampa.org,574-499-1454,2 Sw Nyberg Rd,Elkhart
Flo,Bookamer,498,flo.bookamer@cox.net,308-726-2182,89992 E 15th St,Alliance
Jani,Biddy,499,jbiddy@yahoo.com,206-711-6498,61556 W 20th Ave,Seattle
Chauncey,Motley,500,chauncey_motley@aol.com,407-413-4842,63 E Aurora Dr,Orlando
